Testsit460,Test@1238,Test456@gmail.com
Testsit461,Test@1239,Test456@gmail.com
Testsit462,Test@1240,Test456@gmail.com
Testsit463,Test@1241,Test456@gmail.com
Testsit464,Test@1242,Test456@gmail.com
Testsit465,Test@1243,Test456@gmail.com
Testsit466,Test@1244,Test456@gmail.com
Testsit467,Test@1245,Test456@gmail.com
Testsit468,Test@1246,Test456@gmail.com
Testsit469,Test@1247,Test456@gmail.com
Testsit470,Test@1248,Test456@gmail.com
Testsit471,Test@1249,Test456@gmail.com
Testsit472,Test@1250,Test456@gmail.com
Testsit473,Test@1251,Test456@gmail.com
Testsit474,Test@1252,Test456@gmail.com
Testsit475,Test@1253,Test456@gmail.com
Testsit476,Test@1254,Test456@gmail.com
Testsit477,Test@1255,Test456@gmail.com
Testsit478,Test@1256,Test456@gmail.com
Testsit479,Test@1257,Test456@gmail.com
Testsit480,Test@1258,Test456@gmail.com
Testsit481,Test@1259,Test456@gmail.com
Testsit482,Test@1260,Test456@gmail.com
Testsit483,Test@1261,Test456@gmail.com
Testsit484,Test@1262,Test456@gmail.com
Testsit485,Test@1263,Test456@gmail.com
Testsit486,Test@1264,Test456@gmail.com
Testsit487,Test@1265,Test456@gmail.com
Testsit488,Test@1266,Test456@gmail.com
Testsit489,Test@1267,Test456@gmail.com
Testsit490,Test@1268,Test456@gmail.com
Testsit491,Test@1269,Test456@gmail.com
Testsit492,Test@1270,Test456@gmail.com
Testsit493,Test@1271,Test456@gmail.com
Testsit494,Test@1272,Test456@gmail.com
Testsit495,Test@1273,Test456@gmail.com
Testsit496,Test@1274,Test456@gmail.com
Testsit497,Test@1275,Test456@gmail.com
Testsit498,Test@1276,Test456@gmail.com
Testsit499,Test@1277,Test456@gmail.com
Testsit500,Test@1278,Test456@gmail.com
Testsit501,Test@1279,Test456@gmail.com
Testsit502,Test@1280,Test456@gmail.com
Testsit503,Test@1281,Test456@gmail.com
Testsit504,Test@1282,Test456@gmail.com
Testsit505,Test@1283,Test456@gmail.com
Testsit506,Test@1284,Test456@gmail.com
Testsit507,Test@1285,Test456@gmail.com
Testsit508,Test@1286,Test456@gmail.com
Testsit509,Test@1287,Test456@gmail.com
Testsit510,Test@1288,Test456@gmail.com
Testsit511,Test@1289,Test456@gmail.com
Testsit512,Test@1290,Test456@gmail.com
Testsit513,Test@1291,Test456@gmail.com
Testsit514,Test@1292,Test456@gmail.com
Testsit515,Test@1293,Test456@gmail.com
Testsit516,Test@1294,Test456@gmail.com
Testsit517,Test@1295,Test456@gmail.com
Testsit518,Test@1296,Test456@gmail.com
Testsit519,Test@1297,Test456@gmail.com
Testsit520,Test@1298,Test456@gmail.com
Testsit521,Test@1299,Test456@gmail.com
Testsit522,Test@1300,Test456@gmail.com
Testsit523,Test@1301,Test456@gmail.com
Testsit524,Test@1302,Test456@gmail.com
Testsit525,Test@1303,Test456@gmail.com
Testsit526,Test@1304,Test456@gmail.com
Testsit527,Test@1305,Test456@gmail.com
Testsit528,Test@1306,Test456@gmail.com
Testsit529,Test@1307,Test456@gmail.com
Testsit530,Test@1308,Test456@gmail.com
Testsit531,Test@1309,Test456@gmail.com
Testsit532,Test@1310,Test456@gmail.com
Testsit533,Test@1311,Test456@gmail.com
Testsit534,Test@1312,Test456@gmail.com
Testsit535,Test@1313,Test456@gmail.com
Testsit536,Test@1314,Test456@gmail.com
Testsit537,Test@1315,Test456@gmail.com
Testsit538,Test@1316,Test456@gmail.com
Testsit539,Test@1317,Test456@gmail.com
Testsit540,Test@1318,Test456@gmail.com
Testsit541,Test@1319,Test456@gmail.com
Testsit542,Test@1320,Test456@gmail.com
Testsit543,Test@1321,Test456@gmail.com
Testsit544,Test@1322,Test456@gmail.com
Testsit545,Test@1323,Test456@gmail.com
Testsit546,Test@1324,Test456@gmail.com
Testsit547,Test@1325,Test456@gmail.com
Testsit548,Test@1326,Test456@gmail.com
Testsit549,Test@1327,Test456@gmail.com
Testsit550,Test@1328,Test456@gmail.com
Testsit551,Test@1329,Test456@gmail.com
Testsit552,Test@1330,Test456@gmail.com
Testsit553,Test@1331,Test456@gmail.com
Testsit554,Test@1332,Test456@gmail.com
Testsit555,Test@1333,Test456@gmail.com
Testsit556,Test@1334,Test456@gmail.com
Testsit557,Test@1335,Test456@gmail.com
Testsit558,Test@1336,Test456@gmail.com
Testsit559,Test@1337,Test456@gmail.com
Testsit560,Test@1338,Test456@gmail.com
Testsit561,Test@1339,Test456@gmail.com
Testsit562,Test@1340,Test456@gmail.com
Testsit563,Test@1341,Test456@gmail.com
Testsit564,Test@1342,Test456@gmail.com
Testsit565,Test@1343,Test456@gmail.com
Testsit566,Test@1344,Test456@gmail.com
Testsit567,Test@1345,Test456@gmail.com
Testsit568,Test@1346,Test456@gmail.com
Testsit569,Test@1347,Test456@gmail.com
Testsit570,Test@1348,Test456@gmail.com
Testsit571,Test@1349,Test456@gmail.com
Testsit572,Test@1350,Test456@gmail.com
Testsit573,Test@1351,Test456@gmail.com
Testsit574,Test@1352,Test456@gmail.com
Testsit575,Test@1353,Test456@gmail.com
Testsit576,Test@1354,Test456@gmail.com
Testsit577,Test@1355,Test456@gmail.com
Testsit578,Test@1356,Test456@gmail.com
Testsit579,Test@1357,Test456@gmail.com
Testsit580,Test@1358,Test456@gmail.com
Testsit581,Test@1359,Test456@gmail.com
Testsit582,Test@1360,Test456@gmail.com
Testsit583,Test@1361,Test456@gmail.com
Testsit584,Test@1362,Test456@gmail.com
Testsit585,Test@1363,Test456@gmail.com
Testsit586,Test@1364,Test456@gmail.com
Testsit587,Test@1365,Test456@gmail.com
Testsit588,Test@1366,Test456@gmail.com
Testsit589,Test@1367,Test456@gmail.com
Testsit590,Test@1368,Test456@gmail.com
Testsit591,Test@1369,Test456@gmail.com
Testsit592,Test@1370,Test456@gmail.com
Testsit593,Test@1371,Test456@gmail.com
Testsit594,Test@1372,Test456@gmail.com
Testsit595,Test@1373,Test456@gmail.com
Testsit596,Test@1374,Test456@gmail.com
Testsit597,Test@1375,Test456@gmail.com
Testsit598,Test@1376,Test456@gmail.com
Testsit599,Test@1377,Test456@gmail.com
Testsit600,Test@1378,Test456@gmail.com
Testsit601,Test@1379,Test456@gmail.com
Testsit602,Test@1380,Test456@gmail.com
Testsit603,Test@1381,Test456@gmail.com
Testsit604,Test@1382,Test456@gmail.com
Testsit605,Test@1383,Test456@gmail.com
Testsit606,Test@1384,Test456@gmail.com
Testsit607,Test@1385,Test456@gmail.com
Testsit608,Test@1386,Test456@gmail.com
